sts-benchmark	rg65	wordsim353	simlex999	sts-coco	wiki-sections	ms-marco	model
0.5198806274700764	0.31478986326164166	0.16954237583992773	0.0702629715037187	0.5057548993531915	0.5937288356050718	0.0006784927070002916	deepset/xlm-roberta-large-squad2
