sts-benchmark	rg65	wordsim353	simlex999	sts-coco	wiki-sections	ms-marco	model
0.31193744038498467	0.33362597443769587	0.1201484672621095	0.10373800327362678	0.4992798610534696	0.6072695631893146	0.010092518230330668	Jean-Baptiste/roberta-large-ner-english
