sts-benchmark	rg65	wordsim353	simlex999	sts-coco	wiki-sections	ms-marco	model
0.8707266190357877	0.7798385686979773	0.40437341190723025	0.48552610816424197	0.8466703649633145	0.6729459043672098	0.1116192180382037	princeton-nlp/sup-simcse-roberta-large
