sts-benchmark	rg65	wordsim353	simlex999	sts-coco	wiki-sections	ms-marco	model
0.8275063043385811	0.6167654204348797	0.4471782322969534	0.43360070865464995	0.8253202522812645	0.6614818103939325	0.08159578036851903	princeton-nlp/unsup-simcse-roberta-large
