sts-benchmark	rg65	wordsim353	simlex999	sts-coco	wiki-sections	ms-marco	model
0.48314516750087466	0.44808231229009066	0.2184610163412539	0.1627120606708833	0.6401386774672922	0.6536641594567563	0.006856935320244473	roberta-large
