sts-benchmark	rg65	wordsim353	simlex999	sts-coco	wiki-sections	ms-marco	model
0.8473788061817387	0.7573494802406704	0.5495888576762977	0.46659952327216087	0.8485896465971345	0.6733854510062478	0.3505061684455744	sentence-transformers/all-roberta-large-v1
