sts-benchmark	rg65	wordsim353	simlex999	sts-coco	wiki-sections	ms-marco	model
0.31470183915270233	0.32138568266263934	0.11748358427335899	0.07331492531527538	0.45925549647182606	0.5919616787093476	0.0040181366951352205	xlm-roberta-large-finetuned-conll03-english
