sts-benchmark	rg65	wordsim353	simlex999	sts-coco	wiki-sections	model
0.617694669552363	0.4807328704296122			0.7759209227067697	0.6504527778899071	average_word_embeddings_glove.6B.300d
