sts-benchmark	captioned_imagenet	model
0.7368355392747762	47.77000045776367	clip-ViT-B-16
