sts-benchmark	captioned_imagenet	model
0.7458329198468688	49.597999572753906	clip-ViT-L-14
