sts-benchmark	captioned_imagenet	model
0.48314424035374903	33.077999114990234	roberta-large
