sts-benchmark	rg65	wordsim353	simlex999	sts-coco	wiki-sections	ms-marco	model
0.617694669552363	0.4807328704296122	0.32056979620270326	0.20978508270353335	0.7759209227067697	0.6504527778899071	0.08250832079914941	average_word_embeddings_glove.6B.300d
