sts-benchmark	rg65	wordsim353	simlex999	sts-coco	wiki-sections	ms-marco	model
0.38307997056994453	0.4124782377270335	0.21499436512485817	0.21638513527208172	0.34967171752714	0.5445893154285355	0.0004898536509361767	joeddav/xlm-roberta-large-xnli
