sts-benchmark	rg65	wordsim353	simlex999	sts-coco	wiki-sections	ms-marco	model
0.2454114408918149	0.3795490417980192	0.1672247028477803	0.17337313714119174	0.22723218674839185	0.5287073292159474	3.223495702005731e-05	roberta-large-mnli
