sts-benchmark	rg65	wordsim353	simlex999	sts-coco	wiki-sections	ms-marco	model
0.36550142557358756	0.16305634612865555	0.12000174372792209	0.0287113223320857	0.4241342928542629	0.6250622317307821	0.0033105707637043446	xlm-roberta-large
